Listed ticketer,GICS Sector,GICS Sub Industry,Category & Note,SectcorIPG,Consumer Discretionary,Advertising,1,1OMC,Consumer Discretionary,Advertising,1,1ANF,Consumer Discretionary,"Apparel, Accessories & Luxury Goods",2,1COH,Consumer Discretionary,"Apparel, Accessories & Luxury Goods",2,1NKE,Consumer Discretionary,"Apparel, Accessories & Luxury Goods",2,1RL,Consumer Discretionary,"Apparel, Accessories & Luxury Goods",2,1TIF,Consumer Discretionary,"Apparel, Accessories & Luxury Goods",2,1VFC,Consumer Discretionary,"Apparel, Accessories & Luxury Goods",2,1F,Consumer Discretionary,Automobile Manufacturers,3,1HOG,Consumer Discretionary,Motorcycle Manufacturers,3,1JCI,Consumer Discretionary,Auto Parts & Equipment,3,1CBS,Consumer Discretionary,Broadcasting & Cable TV,4,1CMCSA,Consumer Discretionary,Broadcasting & Cable TV,4,1DIS,Consumer Discretionary,Broadcasting & Cable TV,4,1DTV,Consumer Discretionary,Broadcasting & Cable TV,4,1TWC,Consumer Discretionary,Broadcasting & Cable TV,4,1TWX,Consumer Discretionary,Broadcasting & Cable TV,4,1IGT,Consumer Discretionary,Casinos & Gaming,5,1WYNN,Consumer Discretionary,Casinos & Gaming,5,1JCP,Consumer Discretionary,Department Stores,7,1JWN,Consumer Discretionary,Department Stores,7,1KSS,Consumer Discretionary,Department Stores,7,1M,Consumer Discretionary,Department Stores,7,1SHLD,Consumer Discretionary,Department Stores,7,1APOL,Consumer Discretionary,Educational Services,8,1DV,Consumer Discretionary,Educational Services,8,1DHI,Consumer Discretionary,Homebuilding,9,1HD,Consumer Discretionary,Home Improvement Retail,9,1KBH,Consumer Discretionary,Homebuilding,9,1LEN,Consumer Discretionary,Homebuilding,9,1LOW,Consumer Discretionary,Home Improvement Retail,9,1PHM,Consumer Discretionary,Homebuilding,9,1CCL,Consumer Discretionary,"Hotels, Resorts & Cruise Lines",10,1EXPE,Consumer Discretionary,"Hotels, Resorts & Cruise Lines",10,1HOT,Consumer Discretionary,"Hotels, Resorts & Cruise Lines",10,1MAR,Consumer Discretionary,"Hotels, Resorts & Cruise Lines",10,1WYN,Consumer Discretionary,"Hotels, Resorts & Cruise Lines",10,1BDK,Consumer Discretionary,Home & Office Products,11,1NWL,Consumer Discretionary,Housewares & Specialties,11,1SNA,Consumer Discretionary,Household Appliances,11,1SWK,Consumer Discretionary,Household Appliances,11,1WHR,Consumer Discretionary,Household Appliances,11,1AMZN,Consumer Discretionary,Internet Retail,12,1GME,Consumer Discretionary,Other Spec Retail - Discr,13,1HAS,Consumer Discretionary,Leisure Products,13,1MAT,Consumer Discretionary,Leisure Products,13,1ODP,Consumer Discretionary,Other Spec Retail - Discr,13,1RRD,Consumer Discretionary,Printing Services,13,1GCI,Consumer Discretionary,Publishing,15,1MDP,Consumer Discretionary,Publishing,15,1NYT,Consumer Discretionary,Publishing,15,1DRI,Consumer Discretionary,Restaurants,16,1MCD,Consumer Discretionary,Restaurants,16,1SBUX,Consumer Discretionary,Restaurants,16,1YUM,Consumer Discretionary,Restaurants,16,1AN,Consumer Discretionary,Specialty Stores,17,1AZO,Consumer Discretionary,Specialty Stores,17,1BBBY,Consumer Discretionary,Specialty Stores,17,1BBY,Consumer Discretionary,Computer & Electronics Retail,17,1GPC,Consumer Discretionary,Specialty Stores,17,1GPS,Consumer Discretionary,Apparel Retail,17,1GT,Consumer Discretionary,Tires & Rubber,17,1HAR,Consumer Discretionary,Consumer Electronics,17,1LTD,Consumer Discretionary,Specialty Apparel Stores,17,1ORLY,Consumer Discretionary,Specialty Stores,17,1RSH,Consumer Discretionary,Consumer Elec & Applc Stores,17,1SPLS,Consumer Discretionary,Specialty Stores,17,1TJX,Consumer Discretionary,Specialty Apparel Stores,17,1TGT,Consumer Discretionary,General Merchandise Stores,24,1FPL,Consumer Discretionary,Lodging,99,1WPO,Consumer Discretionary,Consumer Services,99,1ADM,Consumer Staples,Agricultural Products,19,2CVS,Consumer Staples,Food & Drug Stores,21,2KR,Consumer Staples,Food Retail,21,2SVU,Consumer Staples,Food & Drug Stores,21,2SWY,Consumer Staples,Food & Drug Stores,21,2SYY,Consumer Staples,Food Distributors,21,2WAG,Consumer Staples,Food & Drug Stores,21,2WFMI,Consumer Staples,Food & Drug Stores,21,2AVP,Consumer Staples,Household Products,23,2CL,Consumer Staples,Household Products,23,2CLX,Consumer Staples,Household Products,23,2KMB,Consumer Staples,Household Products,23,2BIG,Consumer Staples,Hypermarkets & Super Centers,24,2COST,Consumer Staples,Hypermarkets & Super Centers,24,2FDO,Consumer Staples,Hypermarkets & Super Centers,24,2WMT,Consumer Staples,Hypermarkets & Super Centers,24,2CAG,Consumer Staples,Packaged Foods & Meats,25,2CCE,Consumer Staples,"Beverages, Soft Drinks",25,2CPB,Consumer Staples,Packaged Foods & Meats,25,2CVH,Consumer Staples,Beverages,25,2DF,Consumer Staples,Packaged Food,25,2GIS,Consumer Staples,Packaged Foods & Meats,25,2HNZ,Consumer Staples,Packaged Food,25,2HRL,Consumer Staples,Packaged Foods & Meats,25,2HSY,Consumer Staples,Packaged Foods & Meats,25,2K,Consumer Staples,Packaged Foods & Meats,25,2KFT,Consumer Staples,Packaged Food,25,2KO,Consumer Staples,"Beverages, Soft Drinks",25,2MKC,Consumer Staples,Packaged Foods & Meats,25,2PBG,Consumer Staples,Beverages,25,2PEP,Consumer Staples,Soft Drinks,25,2SJM,Consumer Staples,Packaged Foods & Meats,25,2SLE,Consumer Staples,"Food, Beverages",25,2STZ,Consumer Staples,Beverages,25,2TAP,Consumer Staples,Brewers,25,2TSN,Consumer Staples,Packaged Food,25,2EL,Consumer Staples,Personal Products,26,2PG,Consumer Staples,Personal Products,26,2MO,Consumer Staples,Tobacco,27,2RAI,Consumer Staples,Tobacco,27,2BTU,Energy,Coal Operations,22,3CNX,Energy,Coal & Consumable Fuels,22,3MEE,Energy,Coal Operations,22,3APA,Energy,Oil & Gas Exploration & Production,28,3APC,Energy,Oil & Gas Exploration & Production,28,3CHK,Energy,Integrated Oil & Gas,28,3COG,Energy,Oil & Gas Exploration & Production,28,3COP,Energy,Oil & Gas Exploration & Production,28,3CTX,Energy,Oil & Gas Refining & Marketing & Transportation,28,3CVX,Energy,Integrated Oil & Gas,28,3DNR,Energy,Oil & Gas Exploration & Production,28,3DO,Energy,Oil & Gas Drilling,28,3DVN,Energy,Oil & Gas Exploration & Production,28,3EOG,Energy,Oil & Gas Exploration & Production,28,3EP,Energy,Oil & Gas Exploration & Production,28,3EQT,Energy,Oil & Gas Exploration & Production,28,3ESV,Energy,Oil & Gas Drilling,28,3FO,Energy,Oil & Gas Refining & Marketing & Transportation,28,3HES,Energy,Integrated Oil & Gas,28,3MRO,Energy,Oil & Gas Exploration & Production,28,3MUR,Energy,Integrated Oil & Gas,28,3NBL,Energy,Oil & Gas Exploration & Production,28,3OXY,Energy,Oil & Gas Exploration & Production,28,3PXD,Energy,Oil & Gas Exploration & Production,28,3RRC,Energy,Oil & Gas Exploration & Production,28,3SE,Energy,Oil & Gas Refining & Marketing & Transportation,28,3SUN,Energy,Oil & Gas Refining & Marketing & Transportation,28,3SWN,Energy,Oil & Gas Exploration & Production,28,3TSO,Energy,Oil & Gas Refining & Marketing & Transportation,28,3VLO,Energy,Oil & Gas Refining & Marketing & Transportation,28,3WMB,Energy,Oil & Gas Exploration & Production,28,3XOM,Energy,Integrated Oil & Gas,28,3XTO,Energy,Oil & Gas Exploration & Production,28,3BHI,Energy,Oil & Gas Equipment & Services,29,3BJS,Energy,Oil & Gas Services & Equip,29,3CAM,Energy,Oil & Gas Equipment & Services,29,3FTI,Energy,Oil & Gas Equipment & Services,29,3HAL,Energy,Oil & Gas Equipment & Services,29,3NBR,Energy,Oil & Gas Services & Equip,29,3NOV,Energy,Oil & Gas Equipment & Services,29,3RDC,Energy,Oil & Gas Services & Equip,29,3SII,Energy,Oil & Gas Services & Equip,29,3SLB,Energy,Oil & Gas Equipment & Services,29,3WFR,Energy,Renewable Energy,30,3AXP,Financials,Consumer Finance,33,4BAC,Financials,Banks,33,4BBT,Financials,Banks,33,4BEN,Financials,Asset Management & Custody Banks,33,4BK,Financials,Banks,33,4C,Financials,Banks,33,4CIT,Financials,Commercial Finance,33,4CMA,Financials,Banks,33,4COF,Financials,Consumer Finance,33,4FHN,Financials,Banking,33,4FITB,Financials,Banks,33,4HBAN,Financials,Banks,33,4HCBK,Financials,Banking,33,4HRB,Financials,Consumer Finance,33,4IVZ,Financials,Asset Management & Custody Banks,33,4JPM,Financials,Banks,33,4KEY,Financials,Banks,33,4LM,Financials,Asset Management & Custody Banks,33,4MI,Financials,Banking,33,4MTB,Financials,Banks,33,4NTRS,Financials,Asset Management & Custody Banks,33,4PNC,Financials,Banks,33,4SLM,Financials,Consumer Finance,33,4STI,Financials,Banks,33,4USB,Financials,Banks,33,4WFC,Financials,Banks,33,4ZION,Financials,Banks,33,4AMP,Financials,Diversified Financial Services,35,4CME,Financials,Diversified Financial Services,35,4EFX,Financials,Diversified Financial Services,35,4ICE,Financials,Diversified Financial Services,35,4MCO,Financials,Diversified Financial Services,35,4NDAQ,Financials,Diversified Financial Services,35,4NYX,Financials,Institutional Financial Svcs,35,4PFG,Financials,Diversified Financial Services,35,4PLD,Financials,Diversified Financial Services,35,4PRU,Financials,Diversified Financial Services,35,4RF,Financials,Diversified Financial Services,35,4STT,Financials,Diversified Financial Services,35,4TROW,Financials,Diversified Financial Services,35,4UNM,Financials,Diversified Financial Services,35,4VTR,Financials,Diversified Financial Services,35,4ETFC,Financials,Investment Banking & Brokerage,36,4FII,Financials,Investment Management,36,4GS,Financials,Investment Banking & Brokerage,36,4JNS,Financials,Investment Management,36,4LUK,Financials,Investment Companies,36,4MS,Financials,Investment Banking & Brokerage,36,4SCHW,Financials,Investment Banking & Brokerage,36,4AFL,Financials,Life & Health Insurance,39,4AIG,Financials,Property & Casualty Insurance,39,4AIZ,Financials,Multi-line Insurance,39,4ALL,Financials,Property & Casualty Insurance,39,4CB,Financials,Property & Casualty Insurance,39,4CINF,Financials,Property & Casualty Insurance,39,4GNW,Financials,Life & Health Insurance,39,4HIG,Financials,Property & Casualty Insurance,39,4L,Financials,P&C Insurance,39,4LNC,Financials,Multi-line Insurance,39,4MBI,Financials,Property & Casualty Insurance,39,4MET,Financials,Life & Health Insurance,39,4MMC,Financials,Insurance Brokers,39,4PGR,Financials,Property & Casualty Insurance,39,4TMK,Financials,Life & Health Insurance,39,4TRV,Financials,Property & Casualty Insurance,39,4XL,Financials,Property & Casualty Insurance,39,4AIV,Financials,REITs,40,4AMT,Financials,"REITs, Specialized REITs",40,4AVB,Financials,"REITs, Residential REITs",40,4BXP,Financials,REITs,40,4CBG,Financials,"REITs, Real Estate Services",40,4EQR,Financials,REITs,40,4HCN,Financials,REITs,40,4HCP,Financials,REITs,40,4HST,Financials,REITs,40,4IRM,Financials,REITs,40,4KIM,Financials,REITs,40,4PBCT,Financials,Thrifts & Mortgage Finance,40,4PCL,Financials,REITs,40,4PSA,Financials,REITs,40,4SPG,Financials,REITs,40,4VNO,Financials,REITs,40,4WY,Financials,REITs,40,4AOC,Financials,Insurance,99,4AGN,Health Care,Pharmaceuticals,41,5AMGN,Health Care,Biotechnology,41,5BIIB,Health Care,Biotechnology,41,5CELG,Health Care,Biotechnology,41,5CEPH,Health Care,Biotechnology,41,5FRX,Health Care,Pharmaceuticals,41,5GENZ,Health Care,Biotechnology,41,5GILD,Health Care,Biotechnology,41,5HSP,Health Care,Pharmaceuticals,41,5KG,Health Care,Pharmaceuticals,41,5LIFE,Health Care,Pharmaceuticals,41,5LLY,Health Care,Pharmaceuticals,41,5MRK,Health Care,Pharmaceuticals,41,5MYL,Health Care,Pharmaceuticals,41,5PFE,Health Care,Pharmaceuticals,41,5SGP,Health Care,Pharmaceuticals,41,5WPI,Health Care,Pharmaceuticals,41,5ABC,Health Care,Health Care Distribution & Services,42,5AET,Health Care,Managed Health Care,42,5BMY,Health Care,Health Care Distributors & Services,42,5CAH,Health Care,Health Care Distributors & Services,42,5CI,Health Care,Managed Health Care,42,5DGX,Health Care,Health Care Facilities,42,5DVA,Health Care,Health Care Facilities,42,5ESRX,Health Care,Health Care Distributors & Services,42,5HUM,Health Care,Managed Health Care,42,5LH,Health Care,Health Care Facilities,42,5MCK,Health Care,Health Care Distributors & Services,42,5MHS,Health Care,Health Care Supply Chain,42,5PDCO,Health Care,Health Care Supplies,42,5THC,Health Care,Health Care Facilities,42,5UNH,Health Care,Managed Health Care,42,5WAT,Health Care,Health Care Distributors & Services,42,5WLP,Health Care,Health Care Facilities & Svcs,42,5XRAY,Health Care,Health Care Supplies,42,5A,Health Care,Health Care Equipment & Services,43,5ABT,Health Care,Health Care Equipment & Services,43,5BAX,Health Care,Health Care Equipment & Services,43,5BCR,Health Care,Health Care Equipment & Services,43,5BDX,Health Care,Health Care Equipment & Services,43,5BSX,Health Care,Health Care Equipment & Services,43,5ISRG,Health Care,Health Care Equipment & Services,43,5JNJ,Health Care,Health Care Equipment & Services,43,5MDT,Health Care,Health Care Equipment & Services,43,5MIL,Health Care,Medical Equipment & Devices,43,5PKI,Health Care,Health Care Equipment & Services,43,5PLL,Health Care,Medical Equipment & Devices,43,5STJ,Health Care,Health Care Equipment & Services,43,5SYK,Health Care,Health Care Equipment & Services,43,5TMO,Health Care,Health Care Equipment & Services,43,5VAR,Health Care,Health Care Equipment & Services,43,5ZMH,Health Care,Medical Equipment & Devices,43,5BA,Industrials,Aerospace & Defense,45,6FLIR,Industrials,Aerospace & Defense,45,6GD,Industrials,Aerospace & Defense,45,6GR,Industrials,Aerospace & Defense,45,6LMT,Industrials,Aerospace & Defense,45,6NOC,Industrials,Aerospace & Defense,45,6RTN,Industrials,Aerospace & Defense,45,6CHRW,Industrials,Air Freight & Logistics,46,6EXPD,Industrials,Air Freight & Logistics,46,6FDX,Industrials,Air Freight & Logistics,46,6UPS,Industrials,Air Freight & Logistics,46,6LUV,Industrials,Airlines,47,6CAT,Industrials,Construction & Farm Machinery & Heavy Trucks,49,6DE,Industrials,Construction & Farm Machinery & Heavy Trucks,49,6FAST,Industrials,Building Products,49,6GLW,Industrials,Construction & Engineering,49,6MAS,Industrials,Building Products,49,6MTW,Industrials,Construction & Mining Machinery,49,6PCAR,Industrials,Construction & Farm Machinery & Heavy Trucks,49,6CBE,Industrials,Electrical Equipment,51,6MOLX,Industrials,Electrical Equipment,51,6PBI,Industrials,Office Services & Supplies,51,6COL,Industrials,Industrial Conglomerates,53,6EMR,Industrials,Industrial Conglomerates,53,6ETN,Industrials,Industrial Conglomerates,53,6GE,Industrials,Industrial Conglomerates,53,6HON,Industrials,Industrial Conglomerates,53,6IR,Industrials,Industrial Conglomerates,53,6JEC,Industrials,Industrial Conglomerates,53,6LEG,Industrials,Industrial Conglomerates,53,6LLL,Industrials,Industrial Conglomerates,53,6MMM,Industrials,Industrial Conglomerates,53,6PCP,Industrials,Industrial Conglomerates,53,6PH,Industrials,Industrial Conglomerates,53,6R,Industrials,Industrial Conglomerates,53,6ROK,Industrials,Industrial Conglomerates,53,6RSG,Industrials,Industrial Conglomerates,53,6SRCL,Industrials,Industrial Conglomerates,53,6TXT,Industrials,Industrial Conglomerates,53,6TYC,Industrials,Industrial Conglomerates,53,6UTX,Industrials,Industrial Conglomerates,53,6CMI,Industrials,Industrial Machinery,54,6DHR,Industrials,Industrial Machinery,54,6DOV,Industrials,Industrial Machinery,54,6FLS,Industrials,Industrial Machinery,54,6GWW,Industrials,Industrial Materials,54,6ITT,Industrials,Flow Control Equipment,54,6ITW,Industrials,Industrial Machinery,54,6CSX,Industrials,Railroads,55,6NSC,Industrials,Railroads,55,6UNP,Industrials,Railroads,55,6ACS,Industrials,Construction & Engineering,99,6BNI,Industrials,Transportation & Logistics,99,6CTAS,Industrials,Diversified Support Services,99,6FLR,Industrials,Diversified Commercial Services,99,6RHI,Industrials,Human Resource & Employment Services,99,6WMI,Industrials,Waste & Environ Svcs & Equip,99,6EK,Information Technology,Office Electronics,51,7JBL,Information Technology,Electronics Manufacturing Services[,51,7LXK,Information Technology,Office Electronics,51,7ADBE,Information Technology,Application Software,56,7ADSK,Information Technology,Application Software,56,7BMC,Information Technology,software,56,7CA,Information Technology,Systems Software,56,7CPWR,Information Technology,"Software, Infrastructure Software",56,7ERTS,Information Technology,Application Software,56,7MFE,Information Technology,software,56,7MSFT,Information Technology,Systems Software,56,7NOVL,Information Technology,software,56,7ORCL,Information Technology,Application Software,56,7SYMC,Information Technology,Application Software,56,7TDC,Information Technology,Application Software,56,7CIEN,Information Technology,Communications Equipment,57,7CSCO,Information Technology,Networking Equipment,57,7HRS,Information Technology,Telecommunications Equipment,57,7JDSU,Information Technology,Communications Equipment,57,7JNPR,Information Technology,Networking Equipment,57,7MOT,Information Technology,Communications Equipment,57,7TLAB,Information Technology,Communications Equipment,57,7AAPL,Information Technology,Computer Hardware,58,7AMD,Information Technology,Computer Hardware,58,7DELL,Information Technology,Hardware,58,7HPQ,Information Technology,Computer Hardware,58,7JAVA,Information Technology,Hardware,58,7QLGC,Information Technology,hardware,58,7SNDK,Information Technology,Computer Storage & Peripherals,58,7ADP,Information Technology,Internet Software & Services,59,7AKAM,Information Technology,Internet Software & Services,59,7CRM,Information Technology,Internet Software & Services,59,7CSC,Information Technology,IT Consulting & Services,59,7CTSH,Information Technology,IT Consulting & Services,59,7CTXS,Information Technology,Internet Software & Services,59,7CVG,Information Technology,Technology Services,59,7EBAY,Information Technology,Internet Software & Services,59,7EMC,Information Technology,IT Consulting & Services,59,7FIS,Information Technology,Internet Software & Services,59,7FISV,Information Technology,Internet Software & Services,59,7GOOG,Information Technology,Internet Software & Services,59,7IBM,Information Technology,IT Consulting & Services,59,7INTU,Information Technology,Internet Software & Services,59,7MA,Information Technology,Internet Software & Services,59,7MHP,Information Technology,IT Consulting & Information Services,59,7MWW,Information Technology,Internet Software & Services,59,7NTAP,Information Technology,Internet Software & Services,59,7PAYX,Information Technology,Internet Software & Services,59,7TSS,Information Technology,Internet Software & Services,59,7VRSN,Information Technology,Internet Software & Services,59,7WU,Information Technology,Internet Software & Services,59,7XRX,Information Technology,IT Consulting & Services,59,7YHOO,Information Technology,Internet Software & Services,59,7ADI,Information Technology,Semiconductors,61,7ALTR,Information Technology,Semiconductors,61,7AMAT,Information Technology,Semiconductor Equipment,61,7BRCM,Information Technology,Semiconductors,61,7INTC,Information Technology,Semiconductors,61,7KLAC,Information Technology,Semiconductor Equipment,61,7LLTC,Information Technology,Semiconductors,61,7LSI,Information Technology,Semiconductor Devices,61,7MCHP,Information Technology,Semiconductors,61,7MU,Information Technology,Semiconductors,61,7NSM,Information Technology,Semiconductor Devices,61,7NVDA,Information Technology,Semiconductors,61,7NVLS,Information Technology,Semiconductor Mfg,61,7QCOM,Information Technology,Semiconductors,61,7TER,Information Technology,Semiconductor Mfg,61,7TXN,Information Technology,Semiconductors,61,7XLNX,Information Technology,Semiconductors,61,7DNB,Information Technology,Information Services,59,7AA,Materials,Aluminum,62,8ATI,Materials, specialty metals company,62,8BLL,Materials,Metal & Glass Containers,62,8FCX,Materials,Diversified Metals & Mining,62,8NEM,Materials,Gold,62,8OI,Materials,Metal & Glass Containers,62,8APD,Materials,Industrial Gases,63,8ASH,Materials,Chemicals,63,8CF,Materials,Fertilizers & Agricultural Chemicals,63,8DD,Materials,Diversified Chemicals,63,8DOW,Materials,Diversified Chemicals,63,8ECL,Materials,Specialty Chemicals,63,8EMN,Materials,Diversified Chemicals,63,8IFF,Materials,Specialty Chemicals,63,8MON,Materials,Fertilizers & Agricultural Chemicals,63,8PPG,Materials,Diversified Chemicals,63,8PX,Materials,Industrial Gases,63,8SHW,Materials,Specialty Chemicals,63,8SIAL,Materials,Specialty Chemicals,63,8BMS,Materials,Containers & Packaging,64,8MWV,Materials,Containers & Packaging,64,8PTV,Materials,Containers & Packaging,64,8AKS,Materials,steel company,66,8NUE,Materials,Steel,66,8TIE,Materials,Iron & Steel,66,8X,Materials,Iron & Steel,66,8AVY,Materials,Paper Packaging,68,8IP,Materials,Paper Products,68,8SEE,Materials,Paper Packaging,68,8VMC,Materials,Construction Materials,99,8CTL,Telecommunications Services,Integrated Telecommunications Services,70,9EQ,Telecommunications Services,Telecom Carriers,70,9FTR,Telecommunications Services,Integrated Telecommunications Services,70,9Q,Telecommunications Services,Telecom Carriers,70,9S,Telecommunications Services,Telecom Carriers,70,9T,Telecommunications Services,Integrated Telecommunications Services,70,9VZ,Telecommunications Services,Integrated Telecommunications Services,70,9WIN,Telecommunications Services,Telecom Carriers,70,9AEE,Utilities,MultiUtilities,71,10AEP,Utilities,Electric Utilities,71,10AES,Utilities,Independent Power Producers & Energy Traders,71,10AYE,Utilities,Electric Utilities,71,10CEG,Utilities,MultiUtilities,71,10CMS,Utilities,MultiUtilities,71,10CNP,Utilities,MultiUtilities,71,10D,Utilities,Electric Utilities,71,10DTE,Utilities,MultiUtilities,71,10DUK,Utilities,Electric Utilities,71,10DYN,Utilities,Electric Utilities,71,10ED,Utilities,Electric Utilities,71,10EIX,Utilities,Electric Utilities,71,10ETR,Utilities,Electric Utilities,71,10EXC,Utilities,MultiUtilities,71,10FE,Utilities,Electric Utilities,71,10GAS,Utilities,Gas Utilities,71,10NI,Utilities,MultiUtilities,71,10PCG,Utilities,MultiUtilities,71,10PEG,Utilities,Electric Utilities,71,10PGN,Utilities,Electric Utilities,71,10PNW,Utilities,MultiUtilities,71,10POM,Utilities,Electric Utilities,71,10PPL,Utilities,Electric Utilities,71,10SCG,Utilities,MultiUtilities,71,10SO,Utilities,Electric Utilities,71,10SRE,Utilities,MultiUtilities,71,10TE,Utilities,Electric Utilities,71,10WEC,Utilities,Electric Utilities,71,10XEL,Utilities,MultiUtilities,71,10NU,Utility,Utility Networks,73,11STR,Utility,Utility Networks,73,11TEG,Utility,Utility Networks,73,11RX,,,99,99WYE,,,99,99